-- phpMyAdmin SQL Dump
-- version 5.2.1
-- https://www.phpmyadmin.net/
--
-- Host: 127.0.0.1
-- Generation Time: Dec 06, 2023 at 05:09 AM
-- Server version: 10.4.28-MariaDB
-- PHP Version: 8.0.28

SET SQL_MODE = "NO_AUTO_VALUE_ON_ZERO";
START TRANSACTION;
SET time_zone = "+00:00";


/*!40101 SET @OLD_CHARACTER_SET_CLIENT=@@CHARACTER_SET_CLIENT */;
/*!40101 SET @OLD_CHARACTER_SET_RESULTS=@@CHARACTER_SET_RESULTS */;
/*!40101 SET @OLD_COLLATION_CONNECTION=@@COLLATION_CONNECTION */;
/*!40101 SET NAMES utf8mb4 */;

--
-- Database: `evaluation_db`
--

DELIMITER $$
--
-- Functions
--
CREATE DEFINER=`root`@`localhost` FUNCTION `insert_request` (`sectionName` VARCHAR(255), `requestDescription` TEXT) RETURNS INT(11)  BEGIN
    DECLARE s_id INT;
    
    -- Retrieve the section_id based on the sectionName
    SELECT section_id INTO s_id FROM sections WHERE section_name = sectionName LIMIT 1;
    
    -- Insert the new request into the requests table
    INSERT INTO requests (section_id, description) VALUES (s_id, requestDescription);
    
    -- Return the last inserted request_id
    RETURN LAST_INSERT_ID();
END$$

DELIMITER ;

-- --------------------------------------------------------

--
-- Table structure for table `academic_list`
--

CREATE TABLE `academic_list` (
  `id` int(30) NOT NULL,
  `year` text NOT NULL,
  `semester` int(30) NOT NULL,
  `is_default` tinyint(1) NOT NULL DEFAULT 0,
  `status` int(1) NOT NULL DEFAULT 0 COMMENT '0=Pending,1=Start,2=Closed'
) ENGINE=InnoDB DEFAULT CHARSET=utf8mb4 COLLATE=utf8mb4_general_ci;

--
-- Dumping data for table `academic_list`
--

INSERT INTO `academic_list` (`id`, `year`, `semester`, `is_default`, `status`) VALUES
(4, '2023-2024', 2, 1, 1);

-- --------------------------------------------------------

--
-- Table structure for table `class_list`
--

CREATE TABLE `class_list` (
  `id` int(30) NOT NULL,
  `curriculum` text NOT NULL,
  `level` text NOT NULL,
  `section` text NOT NULL
) ENGINE=InnoDB DEFAULT CHARSET=utf8mb4 COLLATE=utf8mb4_general_ci;

--
-- Dumping data for table `class_list`
--

INSERT INTO `class_list` (`id`, `curriculum`, `level`, `section`) VALUES
(1, 'BSIT', '1', 'A'),
(2, 'BSIT', '1', 'B'),
(3, 'BSIT', '1', 'C');

-- --------------------------------------------------------

--
-- Table structure for table `criteria_list`
--

CREATE TABLE `criteria_list` (
  `id` int(30) NOT NULL,
  `criteria` text NOT NULL,
  `order_by` int(30) NOT NULL
) ENGINE=InnoDB DEFAULT CHARSET=utf8mb4 COLLATE=utf8mb4_general_ci;

--
-- Dumping data for table `criteria_list`
--

INSERT INTO `criteria_list` (`id`, `criteria`, `order_by`) VALUES
(1, 'Criteria 1o2', 0);

-- --------------------------------------------------------

--
-- Table structure for table `equipment_list`
--

CREATE TABLE `equipment_list` (
  `id` int(30) NOT NULL,
  `quantity` int(50) NOT NULL,
  `description` text NOT NULL,
  `manufacturer` text NOT NULL,
  `serial no.` text NOT NULL,
  `condition` text NOT NULL
) ENGINE=InnoDB DEFAULT CHARSET=utf8mb4 COLLATE=utf8mb4_general_ci;

-- --------------------------------------------------------

--
-- Table structure for table `evaluation_answers`
--

CREATE TABLE `evaluation_answers` (
  `evaluation_id` int(30) NOT NULL,
  `question_id` int(30) NOT NULL,
  `rate` int(20) NOT NULL
) ENGINE=InnoDB DEFAULT CHARSET=utf8mb4 COLLATE=utf8mb4_general_ci;

--
-- Dumping data for table `evaluation_answers`
--

INSERT INTO `evaluation_answers` (`evaluation_id`, `question_id`, `rate`) VALUES
(1, 1, 5),
(1, 6, 4),
(1, 3, 5),
(2, 1, 5),
(2, 6, 5),
(2, 3, 4),
(3, 1, 5),
(3, 6, 5),
(3, 3, 4);

-- --------------------------------------------------------

--
-- Table structure for table `evaluation_list`
--

CREATE TABLE `evaluation_list` (
  `evaluation_id` int(30) NOT NULL,
  `academic_id` int(30) NOT NULL,
  `class_id` int(30) NOT NULL,
  `student_id` int(30) NOT NULL,
  `subject_id` int(30) NOT NULL,
  `faculty_id` int(30) NOT NULL,
  `restriction_id` int(30) NOT NULL,
  `date_taken` datetime NOT NULL DEFAULT current_timestamp()
) ENGINE=InnoDB DEFAULT CHARSET=utf8mb4 COLLATE=utf8mb4_general_ci;

--
-- Dumping data for table `evaluation_list`
--

INSERT INTO `evaluation_list` (`evaluation_id`, `academic_id`, `class_id`, `student_id`, `subject_id`, `faculty_id`, `restriction_id`, `date_taken`) VALUES
(1, 3, 1, 1, 1, 1, 8, '2020-12-15 16:26:51'),
(2, 3, 2, 2, 2, 1, 9, '2020-12-15 16:33:37'),
(3, 3, 1, 3, 1, 1, 8, '2020-12-15 20:18:49');

-- --------------------------------------------------------

--
-- Table structure for table `faculty_list`
--

CREATE TABLE `faculty_list` (
  `id` int(30) NOT NULL,
  `school_id` varchar(100) NOT NULL,
  `firstname` varchar(200) NOT NULL,
  `lastname` varchar(200) NOT NULL,
  `email` varchar(200) NOT NULL,
  `password` text NOT NULL,
  `avatar` text NOT NULL DEFAULT 'no-image-available.png',
  `date_created` datetime NOT NULL DEFAULT current_timestamp(),
  `room` int(15) NOT NULL
) ENGINE=InnoDB DEFAULT CHARSET=utf8mb4 COLLATE=utf8mb4_general_ci;

--
-- Dumping data for table `faculty_list`
--

INSERT INTO `faculty_list` (`id`, `school_id`, `firstname`, `lastname`, `email`, `password`, `avatar`, `date_created`, `room`) VALUES
(1, '20140623', 'George', 'Wilson', 'gwilson@sample.com', 'dd15740db7e88fbe5499826e54a1a7eb', '1608011100_avatar.jpg', '2020-12-15 13:45:18', 101),
(2, '200101', 'Rowel', 'Yguinto', 'rowel@gmail.com', 'bc23badd48cc5bcd8d8c3e9b887bc3f5', '1701776280_1608081180_avatar.jpg', '2023-12-05 19:38:15', 102);

-- --------------------------------------------------------

--
-- Table structure for table `maintenance_work_requests`
--

CREATE TABLE `maintenance_work_requests` (
  `id` int(11) NOT NULL,
  `section` varchar(255) NOT NULL,
  `description` text NOT NULL,
  `created_at` datetime DEFAULT current_timestamp()
) ENGINE=InnoDB DEFAULT CHARSET=utf8mb4 COLLATE=utf8mb4_general_ci;

-- --------------------------------------------------------

--
-- Table structure for table `question_list`
--

CREATE TABLE `question_list` (
  `id` int(30) NOT NULL,
  `academic_id` int(30) NOT NULL,
  `question` text NOT NULL,
  `order_by` int(30) NOT NULL,
  `criteria_id` int(30) NOT NULL
) ENGINE=InnoDB DEFAULT CHARSET=utf8mb4 COLLATE=utf8mb4_general_ci;

--
-- Dumping data for table `question_list`
--

INSERT INTO `question_list` (`id`, `academic_id`, `question`, `order_by`, `criteria_id`) VALUES
(1, 3, '1. How satisfied are you with the service provide?', 0, 1),
(5, 0, 'Question 101', 0, 1),
(6, 3, '2. How do you rate the response time of our technician?', 1, 1),
(7, 3, '3. How satisfied are you with the quality of our service?', 2, 1),
(8, 3, '4. How do you rate our customer communication?', 3, 1),
(9, 3, '5. How do you rate the knowledge of our technician in terms of:  A. experience', 4, 1),
(10, 3, 'B. trouble shooting', 5, 1),
(11, 3, 'C. Cleanliness and orderliness', 6, 1),
(12, 3, '6. Rate your overall satisfaction with the service.', 7, 1),
(13, 4, '1.	How satisfied are you with the service provided?', 0, 1),
(14, 4, '2.	How do you rate the response time of our technician?', 1, 1),
(15, 4, '3.	How satisfied are you with the quality of our service?', 2, 1),
(16, 4, '4.	How do you rate our customer communication?', 3, 1),
(17, 4, '5.	How do you rate the knowledge of our technician in terms of: \r\n\r\na.)	Experience\r\n', 4, 1),
(18, 4, 'b.)	Trouble shooting', 5, 1),
(19, 4, 'c.)	Cleanliness and orderliness', 6, 1),
(20, 4, '6.	Rate your overall satisfaction with the service.', 7, 1);

-- --------------------------------------------------------

--
-- Table structure for table `requests`
--

CREATE TABLE `requests` (
  `request_id` int(11) NOT NULL,
  `section_id` int(11) DEFAULT NULL,
  `description` text DEFAULT NULL,
  `created_at` timestamp NOT NULL DEFAULT current_timestamp()
) ENGINE=InnoDB DEFAULT CHARSET=utf8mb4 COLLATE=utf8mb4_general_ci;

-- --------------------------------------------------------

--
-- Table structure for table `restriction_list`
--

CREATE TABLE `restriction_list` (
  `id` int(30) NOT NULL,
  `academic_id` int(30) NOT NULL,
  `faculty_id` int(30) NOT NULL,
  `class_id` int(30) NOT NULL,
  `subject_id` int(30) NOT NULL
) ENGINE=InnoDB DEFAULT CHARSET=utf8mb4 COLLATE=utf8mb4_general_ci;

--
-- Dumping data for table `restriction_list`
--

INSERT INTO `restriction_list` (`id`, `academic_id`, `faculty_id`, `class_id`, `subject_id`) VALUES
(8, 3, 1, 1, 1),
(9, 3, 1, 2, 2),
(10, 3, 1, 3, 3),
(11, 4, 2, 2, 2),
(12, 4, 2, 2, 2),
(13, 4, 1, 2, 2),
(14, 4, 1, 2, 2);

-- --------------------------------------------------------

--
-- Table structure for table `room_list`
--

CREATE TABLE `room_list` (
  `id` int(11) NOT NULL,
  `room` varchar(7) NOT NULL,
  `assign` varchar(15) NOT NULL
) ENGINE=InnoDB DEFAULT CHARSET=utf8mb4 COLLATE=utf8mb4_general_ci;

--
-- Dumping data for table `room_list`
--

INSERT INTO `room_list` (`id`, `room`, `assign`) VALUES
(103, '101', 'Mr. Simple');

-- --------------------------------------------------------

--
-- Table structure for table `sections`
--

CREATE TABLE `sections` (
  `section_id` int(11) NOT NULL,
  `section_name` varchar(255) DEFAULT NULL
) ENGINE=InnoDB DEFAULT CHARSET=utf8mb4 COLLATE=utf8mb4_general_ci;

-- --------------------------------------------------------

--
-- Table structure for table `student_list`
--

CREATE TABLE `student_list` (
  `id` int(30) NOT NULL,
  `school_id` varchar(100) NOT NULL,
  `firstname` varchar(200) NOT NULL,
  `lastname` varchar(200) NOT NULL,
  `email` varchar(200) NOT NULL,
  `password` text NOT NULL,
  `class_id` int(30) NOT NULL,
  `avatar` text NOT NULL DEFAULT 'no-image-available.png',
  `date_created` datetime NOT NULL DEFAULT current_timestamp()
) ENGINE=InnoDB DEFAULT CHARSET=utf8mb4 COLLATE=utf8mb4_general_ci;

--
-- Dumping data for table `student_list`
--

INSERT INTO `student_list` (`id`, `school_id`, `firstname`, `lastname`, `email`, `password`, `class_id`, `avatar`, `date_created`) VALUES
(1, '6231413', 'John', 'Smith', 'jsmith@sample.com', '39ce7e2a8573b41ce73b5ba41617f8f7', 2, '1608012360_avatar.jpg', '2020-12-15 14:06:14'),
(2, '101497', 'Claire', 'Blake', 'cblake@sample.com', '4744ddea876b11dcb1d169fadf494418', 2, '1608012720_47446233-clean-noir-et-gradient-sombre-image-de-fond-abstrait-.jpg', '2020-12-15 14:12:03'),
(3, '123', 'Mike', 'Williams', 'mwilliams@sample.com', '3cc93e9a6741d8b40460457139cf8ced', 1, '1608034680_1605601740_download.jpg', '2020-12-15 20:18:22');

-- --------------------------------------------------------

--
-- Table structure for table `subject_list`
--

CREATE TABLE `subject_list` (
  `id` int(30) NOT NULL,
  `code` varchar(50) NOT NULL,
  `subject` text NOT NULL,
  `description` text NOT NULL
) ENGINE=InnoDB DEFAULT CHARSET=utf8mb4 COLLATE=utf8mb4_general_ci;

--
-- Dumping data for table `subject_list`
--

INSERT INTO `subject_list` (`id`, `code`, `subject`, `description`) VALUES
(3, 'M-101', 'Math 101', 'Math - Advance Algebra ');

-- --------------------------------------------------------

--
-- Table structure for table `system_settings`
--

CREATE TABLE `system_settings` (
  `id` int(30) NOT NULL,
  `name` text NOT NULL,
  `email` varchar(200) NOT NULL,
  `contact` varchar(20) NOT NULL,
  `address` text NOT NULL,
  `cover_img` text NOT NULL
) ENGINE=InnoDB DEFAULT CHARSET=utf8mb4 COLLATE=utf8mb4_general_ci;

--
-- Dumping data for table `system_settings`
--

INSERT INTO `system_settings` (`id`, `name`, `email`, `contact`, `address`, `cover_img`) VALUES
(1, 'CLMMS', 'info@sample.comm', '+6948 8542 623', '2102  Caldwell Road, Rochester, New York, 14608', '');

-- --------------------------------------------------------

--
-- Table structure for table `tb_data`
--

CREATE TABLE `tb_data` (
  `id` int(11) NOT NULL,
  `description` varchar(50) NOT NULL,
  `languages` varchar(50) NOT NULL,
  `date` datetime NOT NULL DEFAULT current_timestamp()
) ENGINE=InnoDB DEFAULT CHARSET=utf8mb4 COLLATE=utf8mb4_general_ci;

--
-- Dumping data for table `tb_data`
--

INSERT INTO `tb_data` (`id`, `description`, `languages`, `date`) VALUES
(1, 'WEFGFGHGD', 'Civil and Sanitary,Electrical,Mechanical,Electroni', '2023-12-05 15:52:05'),
(2, '24', 'Civil and Sanitary,', '2023-12-05 15:52:05'),
(3, 'john', 'Civil and Sanitary,Electrical,', '2023-12-05 15:52:05'),
(4, 'sghtetyw', 'Electrical,Mechanical,', '2023-12-05 15:52:05'),
(5, 'gsthrjtrs', 'Civil and Sanitary,Electrical,', '2023-12-05 18:17:33'),
(6, 'Joshua', 'Electronic and Communication,', '2023-12-05 18:18:10'),
(7, 'Please repair the computer #3 at room 101', 'Electrical,ICT,', '2023-12-05 19:05:48'),
(8, 'John lloyd', 'ICT,', '2023-12-05 19:10:09');

-- --------------------------------------------------------

--
-- Table structure for table `users`
--

CREATE TABLE `users` (
  `id` int(30) NOT NULL,
  `firstname` varchar(200) NOT NULL,
  `lastname` varchar(200) NOT NULL,
  `email` varchar(200) NOT NULL,
  `password` text NOT NULL,
  `avatar` text NOT NULL DEFAULT 'no-image-available.png',
  `date_created` datetime NOT NULL DEFAULT current_timestamp()
) ENGINE=InnoDB DEFAULT CHARSET=utf8mb4 COLLATE=utf8mb4_general_ci;

--
-- Dumping data for table `users`
--

INSERT INTO `users` (`id`, `firstname`, `lastname`, `email`, `password`, `avatar`, `date_created`) VALUES
(1, 'Chairperson', ' ', 'department@chairperson.com', '459d9fca17e3a950deae755d13578292', '1607135820_avatar.jpg', '2020-11-26 10:57:04');

--
-- Indexes for dumped tables
--

--
-- Indexes for table `academic_list`
--
ALTER TABLE `academic_list`
  ADD PRIMARY KEY (`id`);

--
-- Indexes for table `class_list`
--
ALTER TABLE `class_list`
  ADD PRIMARY KEY (`id`);

--
-- Indexes for table `criteria_list`
--
ALTER TABLE `criteria_list`
  ADD PRIMARY KEY (`id`);

--
-- Indexes for table `evaluation_list`
--
ALTER TABLE `evaluation_list`
  ADD PRIMARY KEY (`evaluation_id`);

--
-- Indexes for table `faculty_list`
--
ALTER TABLE `faculty_list`
  ADD PRIMARY KEY (`id`);

--
-- Indexes for table `maintenance_work_requests`
--
ALTER TABLE `maintenance_work_requests`
  ADD PRIMARY KEY (`id`);

--
-- Indexes for table `question_list`
--
ALTER TABLE `question_list`
  ADD PRIMARY KEY (`id`);

--
-- Indexes for table `requests`
--
ALTER TABLE `requests`
  ADD PRIMARY KEY (`request_id`);

--
-- Indexes for table `restriction_list`
--
ALTER TABLE `restriction_list`
  ADD PRIMARY KEY (`id`);

--
-- Indexes for table `room_list`
--
ALTER TABLE `room_list`
  ADD PRIMARY KEY (`id`);

--
-- Indexes for table `sections`
--
ALTER TABLE `sections`
  ADD PRIMARY KEY (`section_id`);

--
-- Indexes for table `student_list`
--
ALTER TABLE `student_list`
  ADD PRIMARY KEY (`id`);

--
-- Indexes for table `subject_list`
--
ALTER TABLE `subject_list`
  ADD PRIMARY KEY (`id`);

--
-- Indexes for table `system_settings`
--
ALTER TABLE `system_settings`
  ADD PRIMARY KEY (`id`);

--
-- Indexes for table `tb_data`
--
ALTER TABLE `tb_data`
  ADD PRIMARY KEY (`id`);

--
-- Indexes for table `users`
--
ALTER TABLE `users`
  ADD PRIMARY KEY (`id`);

--
-- AUTO_INCREMENT for dumped tables
--

--
-- AUTO_INCREMENT for table `academic_list`
--
ALTER TABLE `academic_list`
  MODIFY `id` int(30) NOT NULL AUTO_INCREMENT, AUTO_INCREMENT=5;

--
-- AUTO_INCREMENT for table `class_list`
--
ALTER TABLE `class_list`
  MODIFY `id` int(30) NOT NULL AUTO_INCREMENT, AUTO_INCREMENT=4;

--
-- AUTO_INCREMENT for table `criteria_list`
--
ALTER TABLE `criteria_list`
  MODIFY `id` int(30) NOT NULL AUTO_INCREMENT, AUTO_INCREMENT=4;

--
-- AUTO_INCREMENT for table `evaluation_list`
--
ALTER TABLE `evaluation_list`
  MODIFY `evaluation_id` int(30) NOT NULL AUTO_INCREMENT, AUTO_INCREMENT=4;

--
-- AUTO_INCREMENT for table `faculty_list`
--
ALTER TABLE `faculty_list`
  MODIFY `id` int(30) NOT NULL AUTO_INCREMENT, AUTO_INCREMENT=3;

--
-- AUTO_INCREMENT for table `maintenance_work_requests`
--
ALTER TABLE `maintenance_work_requests`
  MODIFY `id` int(11) NOT NULL AUTO_INCREMENT;

--
-- AUTO_INCREMENT for table `question_list`
--
ALTER TABLE `question_list`
  MODIFY `id` int(30) NOT NULL AUTO_INCREMENT, AUTO_INCREMENT=21;

--
-- AUTO_INCREMENT for table `requests`
--
ALTER TABLE `requests`
  MODIFY `request_id` int(11) NOT NULL AUTO_INCREMENT;

--
-- AUTO_INCREMENT for table `restriction_list`
--
ALTER TABLE `restriction_list`
  MODIFY `id` int(30) NOT NULL AUTO_INCREMENT, AUTO_INCREMENT=15;

--
-- AUTO_INCREMENT for table `room_list`
--
ALTER TABLE `room_list`
  MODIFY `id` int(11) NOT NULL AUTO_INCREMENT, AUTO_INCREMENT=104;

--
-- AUTO_INCREMENT for table `sections`
--
ALTER TABLE `sections`
  MODIFY `section_id` int(11) NOT NULL AUTO_INCREMENT;

--
-- AUTO_INCREMENT for table `student_list`
--
ALTER TABLE `student_list`
  MODIFY `id` int(30) NOT NULL AUTO_INCREMENT, AUTO_INCREMENT=4;

--
-- AUTO_INCREMENT for table `subject_list`
--
ALTER TABLE `subject_list`
  MODIFY `id` int(30) NOT NULL AUTO_INCREMENT, AUTO_INCREMENT=7;

--
-- AUTO_INCREMENT for table `system_settings`
--
ALTER TABLE `system_settings`
  MODIFY `id` int(30) NOT NULL AUTO_INCREMENT, AUTO_INCREMENT=2;

--
-- AUTO_INCREMENT for table `tb_data`
--
ALTER TABLE `tb_data`
  MODIFY `id` int(11) NOT NULL AUTO_INCREMENT, AUTO_INCREMENT=9;

--
-- AUTO_INCREMENT for table `users`
--
ALTER TABLE `users`
  MODIFY `id` int(30) NOT NULL AUTO_INCREMENT, AUTO_INCREMENT=2;
COMMIT;

/*!40101 SET CHARACTER_SET_CLIENT=@OLD_CHARACTER_SET_CLIENT */;
/*!40101 SET CHARACTER_SET_RESULTS=@OLD_CHARACTER_SET_RESULTS */;
/*!40101 SET COLLATION_CONNECTION=@OLD_COLLATION_CONNECTION */;
